arm,seed,final_regret_true,final_regret_obs,realised_len_mean,wall_min
ESON-L4,42,2.692443,2.699404,1.027,36.34
ESON-L4,43,2.429801,2.426593,1.039,36.58
ESON-L4,44,2.677490,2.672715,1.031,36.54
ESON-L4,45,2.204874,2.186835,1.027,36.49
ESON-L4,46,1.940604,1.930412,1.028,36.39
ESON-L4,47,1.603024,1.608241,1.028,36.36
ESON-L4,48,2.925085,2.928214,1.029,36.21
ESON-L4,49,1.667861,1.663038,1.030,36.28
ESON-L4,50,2.898760,2.884354,1.031,36.47
ESON-L4,51,2.117412,2.120217,1.036,36.42
L1,42,2.805954,2.807605,1.000,35.33
L1,43,2.316692,2.316969,1.000,35.41
L1,44,3.605285,3.605462,1.000,35.42
L1,45,2.911721,2.908991,1.000,35.91
L1,46,3.088909,3.101589,1.000,35.26
L1,47,3.044708,3.043485,1.000,35.33
L1,48,2.581042,2.566803,1.000,35.29
L1,49,3.629047,3.629601,1.000,35.03
L1,50,3.025479,3.022401,1.000,35.13
L1,51,3.889304,3.885435,1.000,35.02
L2,42,2.690021,2.690689,2.000,51.09
L2,43,3.293145,3.289139,2.000,50.96
L2,44,4.805005,4.794962,2.000,50.86
L2,45,4.049944,4.037612,2.000,50.98
L2,46,3.630439,3.638543,2.000,51.41
L2,47,3.024002,3.032321,2.000,51.65
L2,48,4.536210,4.535014,2.000,51.64
L2,49,4.063507,4.055828,2.000,51.64
L2,50,3.561902,3.551646,2.000,51.62
L2,51,3.667500,3.673336,2.000,51.80
L4,42,3.403839,3.404209,4.000,80.91
L4,43,2.242331,2.241008,4.000,81.45
L4,44,3.760602,3.766700,4.000,80.79
L4,45,3.560851,3.566617,4.000,81.42
L4,46,3.913904,3.896658,4.000,81.19
L4,47,3.262287,3.247283,4.000,81.17
L4,48,3.557923,3.563818,4.000,83.57
L4,49,2.915882,2.909772,4.000,83.56
L4,50,3.888917,3.882949,4.000,83.54
L4,51,3.166921,3.158174,4.000,83.43
L8,42,4.022422,4.031215,8.000,135.52
L8,43,2.816060,2.809820,8.000,135.88
L8,44,4.454315,4.448301,8.000,135.66
L8,45,2.078891,2.102004,8.000,136.59
L8,46,2.962096,2.961184,8.000,135.99
L8,47,2.960453,2.956118,8.000,136.00
L8,48,2.960762,2.965591,8.000,135.43
L8,49,3.754114,3.757360,8.000,136.13
L8,50,2.769701,2.780827,8.000,136.14
L8,51,2.049119,2.055208,8.000,136.64
L8-TRUNC,42,3.706873,3.711224,8.000,116.09
L8-TRUNC,43,3.746992,3.742729,8.000,115.91
L8-TRUNC,44,2.887094,2.883045,8.000,116.28
L8-TRUNC,45,2.575231,2.550486,8.000,120.73
L8-TRUNC,46,2.490765,2.490164,8.000,121.13
L8-TRUNC,47,1.608540,1.602917,8.000,121.38
L8-TRUNC,48,2.756156,2.753834,8.000,122.94
L8-TRUNC,49,3.720687,3.724714,8.000,123.08
L8-TRUNC,50,2.165113,2.170884,8.000,123.46
L8-TRUNC,51,3.153825,3.155284,8.000,122.11
